{
    "evaluation_frequency": {
        "frequency": 1,
        "period": "epoch"
    },
    "test": {
        "Class": {
            "accuracy": [
                0.9990124702453613
            ],
            "loss": [
                8.20720100402832
            ],
            "precision": [
                0.7567567825317383
            ],
            "recall": [
                0.6746987700462341
            ],
            "roc_auc": [
                0.8608750104904175
            ],
            "specificity": [
                0.9996042847633362
            ]
        },
        "combined": {
            "loss": [
                8.207282666488027
            ]
        }
    },
    "training": {
        "Class": {
            "accuracy": [
                0.9985516667366028
            ],
            "loss": [
                14.800627708435059
            ],
            "precision": [
                0.6009852290153503
            ],
            "recall": [
                0.4485294222831726
            ],
            "roc_auc": [
                0.7471578121185303
            ],
            "specificity": [
                0.999491274356842
            ]
        },
        "combined": {
            "loss": [
                14.800708978771581
            ]
        }
    },
    "validation": {
        "Class": {
            "accuracy": [
                0.9991660714149475
            ],
            "loss": [
                5.0057148933410645
            ],
            "precision": [
                0.7777777910232544
            ],
            "recall": [
                0.7179487347602844
            ],
            "roc_auc": [
                0.9121480584144592
            ],
            "specificity": [
                0.9996482729911804
            ]
        },
        "combined": {
            "loss": [
                5.005796355675557
            ]
        }
    }
}